HERESASERIALNUMBER1,27
HERESASERIALNUMBER1,28
HERESASERIALNUMBER1,29
HERESASERIALNUMBER1,29
HERESASERIALNUMBER1,29
HERESASERIALNUMBER1,27
HERESASERIALNUMBER1,28
HERESASERIALNUMBER1,25
HERESASERIALNUMBER1,21
HERESASERIALNUMBER1,23
HERESASERIALNUMBER1,29
HERESASERIALNUMBER1,27
HERESASERIALNUMBER1,28
HERESASERIALNUMBER1,22
HERESASERIALNUMBER1,23
HERESASERIALNUMBER1,22
HERESASERIALNUMBER1,30
HERESASERIALNUMBER1,21
HERESASERIALNUMBER1,24
HERESASERIALNUMBER1,25
HERESASERIALNUMBER1,23
HERESASERIALNUMBER1,30
HERESASERIALNUMBER1,28
HERESASERIALNUMBER1,29
HERESASERIALNUMBER1,29
HERESASERIALNUMBER1,30
HERESASERIALNUMBER1,21
HERESASERIALNUMBER1,22
HERESASERIALNUMBER1,22
HERESASERIALNUMBER1,27
HERESASERIALNUMBER1,27
HERESASERIALNUMBER1,26
HERESASERIALNUMBER1,30
HERESASERIALNUMBER1,22
HERESASERIALNUMBER1,22
HERESASERIALNUMBER1,27
HERESASERIALNUMBER1,24
HERESASERIALNUMBER1,22
HERESASERIALNUMBER1,26
HERESASERIALNUMBER1,21
HERESASERIALNUMBER1,24
HERESASERIALNUMBER1,30
HERESASERIALNUMBER1,26
HERESASERIALNUMBER1,27
HERESASERIALNUMBER1,27
HERESASERIALNUMBER1,21
HERESASERIALNUMBER1,29
HERESASERIALNUMBER1,24
HERESASERIALNUMBER1,25
HERESASERIALNUMBER1,29
HERESASERIALNUMBER1,20
HERESASERIALNUMBER1,22
HERESASERIALNUMBER1,28
HERESASERIALNUMBER1,25
HERESASERIALNUMBER1,28
HERESASERIALNUMBER1,21
HERESASERIALNUMBER1,23
HERESASERIALNUMBER1,25
HERESASERIALNUMBER1,29
HERESASERIALNUMBER1,21
HERESASERIALNUMBER1,27
HERESASERIALNUMBER1,23
HERESASERIALNUMBER1,21
HERESASERIALNUMBER1,28
HERESASERIALNUMBER1,22
HERESASERIALNUMBER1,27
HERESASERIALNUMBER1,23
HERESASERIALNUMBER1,21
HERESASERIALNUMBER1,29
HERESASERIALNUMBER1,29
HERESASERIALNUMBER1,24
HERESASERIALNUMBER1,22
HERESASERIALNUMBER1,27
HERESASERIALNUMBER1,25
HERESASERIALNUMBER1,26
HERESASERIALNUMBER1,29
HERESASERIALNUMBER1,30
HERESASERIALNUMBER1,22
HERESASERIALNUMBER1,27
HERESASERIALNUMBER1,20
HERESASERIALNUMBER1,30
HERESASERIALNUMBER1,30
HERESASERIALNUMBER1,26
HERESASERIALNUMBER1,21
HERESASERIALNUMBER1,25
HERESASERIALNUMBER1,29
HERESASERIALNUMBER1,23
HERESASERIALNUMBER1,30
HERESASERIALNUMBER1,23
HERESASERIALNUMBER1,21
HERESASERIALNUMBER1,24
HERESASERIALNUMBER1,25
HERESASERIALNUMBER1,27
HERESASERIALNUMBER1,23
HERESASERIALNUMBER1,25
HERESASERIALNUMBER1,26
HERESASERIALNUMBER1,22
HERESASERIALNUMBER1,24
HERESASERIALNUMBER1,29
HERESASERIALNUMBER1,28
HERESASERIALNUMBER2,28
HERESASERIALNUMBER2,21
HERESASERIALNUMBER2,24
HERESASERIALNUMBER2,28
HERESASERIALNUMBER2,26
HERESASERIALNUMBER2,29
HERESASERIALNUMBER2,27
HERESASERIALNUMBER2,26
HERESASERIALNUMBER2,25
HERESASERIALNUMBER2,22
HERESASERIALNUMBER2,24
HERESASERIALNUMBER2,28
HERESASERIALNUMBER2,20
HERESASERIALNUMBER2,30
HERESASERIALNUMBER2,21
HERESASERIALNUMBER2,25
HERESASERIALNUMBER2,24
HERESASERIALNUMBER2,21
HERESASERIALNUMBER2,26
HERESASERIALNUMBER2,21
HERESASERIALNUMBER2,22
HERESASERIALNUMBER2,24
HERESASERIALNUMBER2,30
HERESASERIALNUMBER2,22
HERESASERIALNUMBER2,30
HERESASERIALNUMBER2,21
HERESASERIALNUMBER2,30
HERESASERIALNUMBER2,27
HERESASERIALNUMBER2,21
HERESASERIALNUMBER2,23
HERESASERIALNUMBER2,23
HERESASERIALNUMBER2,24
HERESASERIALNUMBER2,30
HERESASERIALNUMBER2,28
HERESASERIALNUMBER2,30
HERESASERIALNUMBER2,21
HERESASERIALNUMBER2,22
HERESASERIALNUMBER2,22
HERESASERIALNUMBER2,27
HERESASERIALNUMBER2,28
HERESASERIALNUMBER2,24
HERESASERIALNUMBER2,23
HERESASERIALNUMBER2,29
HERESASERIALNUMBER2,28
HERESASERIALNUMBER2,21
HERESASERIALNUMBER2,24
HERESASERIALNUMBER2,22
HERESASERIALNUMBER2,24
HERESASERIALNUMBER2,23
HERESASERIALNUMBER2,22
HERESASERIALNUMBER2,29
HERESASERIALNUMBER2,26
HERESASERIALNUMBER2,24
HERESASERIALNUMBER2,29
HERESASERIALNUMBER2,26
HERESASERIALNUMBER2,25
HERESASERIALNUMBER2,24
HERESASERIALNUMBER2,20
HERESASERIALNUMBER2,22
HERESASERIALNUMBER2,20
HERESASERIALNUMBER2,27
HERESASERIALNUMBER2,20
HERESASERIALNUMBER2,28
HERESASERIALNUMBER2,22
HERESASERIALNUMBER2,25
HERESASERIALNUMBER2,20
HERESASERIALNUMBER2,27
HERESASERIALNUMBER2,30
HERESASERIALNUMBER2,30
HERESASERIALNUMBER2,22
HERESASERIALNUMBER2,30
HERESASERIALNUMBER2,22
HERESASERIALNUMBER2,28
HERESASERIALNUMBER2,30
HERESASERIALNUMBER2,28
HERESASERIALNUMBER2,22
HERESASERIALNUMBER2,30
HERESASERIALNUMBER2,23
HERESASERIALNUMBER2,24
HERESASERIALNUMBER2,29
HERESASERIALNUMBER2,22
HERESASERIALNUMBER2,24
HERESASERIALNUMBER2,29
HERESASERIALNUMBER2,21
HERESASERIALNUMBER2,23
HERESASERIALNUMBER2,29
HERESASERIALNUMBER2,22
HERESASERIALNUMBER2,28
HERESASERIALNUMBER2,25
HERESASERIALNUMBER2,29
HERESASERIALNUMBER2,29
HERESASERIALNUMBER2,25
HERESASERIALNUMBER2,26
HERESASERIALNUMBER2,22
HERESASERIALNUMBER2,28
HERESASERIALNUMBER2,24
HERESASERIALNUMBER2,27
HERESASERIALNUMBER2,22
HERESASERIALNUMBER2,23
HERESASERIALNUMBER2,24
HERESASERIALNUMBER3,29
HERESASERIALNUMBER3,26
HERESASERIALNUMBER3,25
HERESASERIALNUMBER3,30
HERESASERIALNUMBER3,29
HERESASERIALNUMBER3,21
HERESASERIALNUMBER3,22
HERESASERIALNUMBER3,21
HERESASERIALNUMBER3,27
HERESASERIALNUMBER3,20
HERESASERIALNUMBER3,20
HERESASERIALNUMBER3,23
HERESASERIALNUMBER3,24
HERESASERIALNUMBER3,23
HERESASERIALNUMBER3,20
HERESASERIALNUMBER3,24
HERESASERIALNUMBER3,25
HERESASERIALNUMBER3,24
HERESASERIALNUMBER3,30
HERESASERIALNUMBER3,21
HERESASERIALNUMBER3,26
HERESASERIALNUMBER3,27
HERESASERIALNUMBER3,29
HERESASERIALNUMBER3,27
HERESASERIALNUMBER3,25
HERESASERIALNUMBER3,23
HERESASERIALNUMBER3,21
HERESASERIALNUMBER3,28
HERESASERIALNUMBER3,25
HERESASERIALNUMBER3,27
HERESASERIALNUMBER3,21
HERESASERIALNUMBER3,30
HERESASERIALNUMBER3,24
HERESASERIALNUMBER3,25
HERESASERIALNUMBER3,21
HERESASERIALNUMBER3,23
HERESASERIALNUMBER3,25
HERESASERIALNUMBER3,23
HERESASERIALNUMBER3,25
HERESASERIALNUMBER3,24
HERESASERIALNUMBER3,22
HERESASERIALNUMBER3,26
HERESASERIALNUMBER3,24
HERESASERIALNUMBER3,22
HERESASERIALNUMBER3,28
HERESASERIALNUMBER3,23
HERESASERIALNUMBER3,26
HERESASERIALNUMBER3,30
HERESASERIALNUMBER3,28
HERESASERIALNUMBER3,20
HERESASERIALNUMBER3,29
HERESASERIALNUMBER3,25
HERESASERIALNUMBER3,25
HERESASERIALNUMBER3,24
HERESASERIALNUMBER3,27
HERESASERIALNUMBER3,27
HERESASERIALNUMBER3,24
HERESASERIALNUMBER3,21
HERESASERIALNUMBER3,27
HERESASERIALNUMBER3,27
HERESASERIALNUMBER3,30
HERESASERIALNUMBER3,29
HERESASERIALNUMBER3,28
HERESASERIALNUMBER3,22
HERESASERIALNUMBER3,22
HERESASERIALNUMBER3,25
HERESASERIALNUMBER3,26
HERESASERIALNUMBER3,30
HERESASERIALNUMBER3,20
HERESASERIALNUMBER3,23
HERESASERIALNUMBER3,29
HERESASERIALNUMBER3,22
HERESASERIALNUMBER3,24
HERESASERIALNUMBER3,21
HERESASERIALNUMBER3,26
HERESASERIALNUMBER3,20
HERESASERIALNUMBER3,23
HERESASERIALNUMBER3,26
HERESASERIALNUMBER3,23
HERESASERIALNUMBER3,22
HERESASERIALNUMBER3,26
HERESASERIALNUMBER3,23
HERESASERIALNUMBER3,24
HERESASERIALNUMBER3,30
HERESASERIALNUMBER3,30
HERESASERIALNUMBER3,22
HERESASERIALNUMBER3,27
HERESASERIALNUMBER3,23
HERESASERIALNUMBER3,26
HERESASERIALNUMBER3,20
HERESASERIALNUMBER3,21
HERESASERIALNUMBER3,22
HERESASERIALNUMBER3,21
HERESASERIALNUMBER3,24
HERESASERIALNUMBER3,22
HERESASERIALNUMBER3,26
HERESASERIALNUMBER3,23
HERESASERIALNUMBER3,24
HERESASERIALNUMBER3,23
HERESASERIALNUMBER3,22
HERESASERIALNUMBER4,29
HERESASERIALNUMBER4,28
HERESASERIALNUMBER4,26
HERESASERIALNUMBER4,27
HERESASERIALNUMBER4,23
HERESASERIALNUMBER4,23
HERESASERIALNUMBER4,22
HERESASERIALNUMBER4,27
HERESASERIALNUMBER4,30
HERESASERIALNUMBER4,21
HERESASERIALNUMBER4,27
HERESASERIALNUMBER4,21
HERESASERIALNUMBER4,23
HERESASERIALNUMBER4,30
HERESASERIALNUMBER4,22
HERESASERIALNUMBER4,27
HERESASERIALNUMBER4,22
HERESASERIALNUMBER4,21
HERESASERIALNUMBER4,28
HERESASERIALNUMBER4,24
HERESASERIALNUMBER4,20
HERESASERIALNUMBER4,20
HERESASERIALNUMBER4,23
HERESASERIALNUMBER4,20
HERESASERIALNUMBER4,24
HERESASERIALNUMBER4,30
HERESASERIALNUMBER4,27
HERESASERIALNUMBER4,29
HERESASERIALNUMBER4,22
HERESASERIALNUMBER4,27
HERESASERIALNUMBER4,20
HERESASERIALNUMBER4,30
HERESASERIALNUMBER4,28
HERESASERIALNUMBER4,24
HERESASERIALNUMBER4,22
HERESASERIALNUMBER4,22
HERESASERIALNUMBER4,29
HERESASERIALNUMBER4,25
HERESASERIALNUMBER4,25
HERESASERIALNUMBER4,27
HERESASERIALNUMBER4,27
HERESASERIALNUMBER4,25
HERESASERIALNUMBER4,27
HERESASERIALNUMBER4,27
HERESASERIALNUMBER4,29
HERESASERIALNUMBER4,22
HERESASERIALNUMBER4,30
HERESASERIALNUMBER4,20
HERESASERIALNUMBER4,23
HERESASERIALNUMBER4,25
HERESASERIALNUMBER4,29
HERESASERIALNUMBER4,30
HERESASERIALNUMBER4,20
HERESASERIALNUMBER4,26
HERESASERIALNUMBER4,29
HERESASERIALNUMBER4,28
HERESASERIALNUMBER4,26
HERESASERIALNUMBER4,29
HERESASERIALNUMBER4,23
HERESASERIALNUMBER4,28
HERESASERIALNUMBER4,27
HERESASERIALNUMBER4,23
HERESASERIALNUMBER4,27
HERESASERIALNUMBER4,29
HERESASERIALNUMBER4,24
HERESASERIALNUMBER4,20
HERESASERIALNUMBER4,25
HERESASERIALNUMBER4,24
HERESASERIALNUMBER4,28
HERESASERIALNUMBER4,22
HERESASERIALNUMBER4,29
HERESASERIALNUMBER4,30
HERESASERIALNUMBER4,22
HERESASERIALNUMBER4,22
HERESASERIALNUMBER4,26
HERESASERIALNUMBER4,29
HERESASERIALNUMBER4,28
HERESASERIALNUMBER4,25
HERESASERIALNUMBER4,25
HERESASERIALNUMBER4,27
HERESASERIALNUMBER4,25
HERESASERIALNUMBER4,21
HERESASERIALNUMBER4,24
HERESASERIALNUMBER4,23
HERESASERIALNUMBER4,23
HERESASERIALNUMBER4,30
HERESASERIALNUMBER4,29
HERESASERIALNUMBER4,27
HERESASERIALNUMBER4,21
HERESASERIALNUMBER4,20
HERESASERIALNUMBER4,25
HERESASERIALNUMBER4,27
HERESASERIALNUMBER4,29
HERESASERIALNUMBER4,22
HERESASERIALNUMBER4,23
HERESASERIALNUMBER4,29
HERESASERIALNUMBER4,30
HERESASERIALNUMBER4,27
HERESASERIALNUMBER4,20
HERESASERIALNUMBER4,30
HERESASERIALNUMBER5,25
HERESASERIALNUMBER5,26
HERESASERIALNUMBER5,25
HERESASERIALNUMBER5,29
HERESASERIALNUMBER5,25
HERESASERIALNUMBER5,23
HERESASERIALNUMBER5,28
HERESASERIALNUMBER5,20
HERESASERIALNUMBER5,25
HERESASERIALNUMBER5,22
HERESASERIALNUMBER5,21
HERESASERIALNUMBER5,28
HERESASERIALNUMBER5,20
HERESASERIALNUMBER5,25
HERESASERIALNUMBER5,22
HERESASERIALNUMBER5,28
HERESASERIALNUMBER5,25
HERESASERIALNUMBER5,21
HERESASERIALNUMBER5,24
HERESASERIALNUMBER5,27
HERESASERIALNUMBER5,29
HERESASERIALNUMBER5,23
HERESASERIALNUMBER5,29
HERESASERIALNUMBER5,20
HERESASERIALNUMBER5,25
HERESASERIALNUMBER5,22
HERESASERIALNUMBER5,25
HERESASERIALNUMBER5,24
HERESASERIALNUMBER5,27
HERESASERIALNUMBER5,22
HERESASERIALNUMBER5,23
HERESASERIALNUMBER5,26
HERESASERIALNUMBER5,20
HERESASERIALNUMBER5,21
HERESASERIALNUMBER5,22
HERESASERIALNUMBER5,23
HERESASERIALNUMBER5,21
HERESASERIALNUMBER5,23
HERESASERIALNUMBER5,27
HERESASERIALNUMBER5,23
HERESASERIALNUMBER5,21
HERESASERIALNUMBER5,29
HERESASERIALNUMBER5,23
HERESASERIALNUMBER5,29
HERESASERIALNUMBER5,29
HERESASERIALNUMBER5,27
HERESASERIALNUMBER5,24
HERESASERIALNUMBER5,24
HERESASERIALNUMBER5,28
HERESASERIALNUMBER5,27
HERESASERIALNUMBER5,27
HERESASERIALNUMBER5,21
HERESASERIALNUMBER5,21
HERESASERIALNUMBER5,20
HERESASERIALNUMBER5,25
HERESASERIALNUMBER5,20
HERESASERIALNUMBER5,30
HERESASERIALNUMBER5,29
HERESASERIALNUMBER5,26
HERESASERIALNUMBER5,27
HERESASERIALNUMBER5,22
HERESASERIALNUMBER5,22
HERESASERIALNUMBER5,20
HERESASERIALNUMBER5,22
HERESASERIALNUMBER5,22
HERESASERIALNUMBER5,24
HERESASERIALNUMBER5,23
HERESASERIALNUMBER5,21
HERESASERIALNUMBER5,30
HERESASERIALNUMBER5,27
HERESASERIALNUMBER5,30
HERESASERIALNUMBER5,29
HERESASERIALNUMBER5,26
HERESASERIALNUMBER5,20
HERESASERIALNUMBER5,26
HERESASERIALNUMBER5,27
HERESASERIALNUMBER5,27
HERESASERIALNUMBER5,28
HERESASERIALNUMBER5,28
HERESASERIALNUMBER5,26
HERESASERIALNUMBER5,20
HERESASERIALNUMBER5,26
HERESASERIALNUMBER5,20
HERESASERIALNUMBER5,25
HERESASERIALNUMBER5,21
HERESASERIALNUMBER5,26
HERESASERIALNUMBER5,23
HERESASERIALNUMBER5,24
HERESASERIALNUMBER5,25
HERESASERIALNUMBER5,26
HERESASERIALNUMBER5,26
HERESASERIALNUMBER5,24
HERESASERIALNUMBER5,23
HERESASERIALNUMBER5,25
HERESASERIALNUMBER5,27
HERESASERIALNUMBER5,29
HERESASERIALNUMBER5,26
HERESASERIALNUMBER5,22
HERESASERIALNUMBER5,23
HERESASERIALNUMBER5,24
HERESASERIALNUMBER6,30
HERESASERIALNUMBER6,26
HERESASERIALNUMBER6,25
HERESASERIALNUMBER6,27
HERESASERIALNUMBER6,20
HERESASERIALNUMBER6,22
HERESASERIALNUMBER6,29
HERESASERIALNUMBER6,23
HERESASERIALNUMBER6,20
HERESASERIALNUMBER6,23
HERESASERIALNUMBER6,29
HERESASERIALNUMBER6,26
HERESASERIALNUMBER6,22
HERESASERIALNUMBER6,28
HERESASERIALNUMBER6,21
HERESASERIALNUMBER6,28
HERESASERIALNUMBER6,26
HERESASERIALNUMBER6,26
HERESASERIALNUMBER6,26
HERESASERIALNUMBER6,27
HERESASERIALNUMBER6,23
HERESASERIALNUMBER6,29
HERESASERIALNUMBER6,28
HERESASERIALNUMBER6,28
HERESASERIALNUMBER6,24
HERESASERIALNUMBER6,28
HERESASERIALNUMBER6,26
HERESASERIALNUMBER6,20
HERESASERIALNUMBER6,29
HERESASERIALNUMBER6,25
HERESASERIALNUMBER6,30
HERESASERIALNUMBER6,22
HERESASERIALNUMBER6,25
HERESASERIALNUMBER6,30
HERESASERIALNUMBER6,21
HERESASERIALNUMBER6,23
HERESASERIALNUMBER6,20
HERESASERIALNUMBER6,25
HERESASERIALNUMBER6,28
HERESASERIALNUMBER6,26
HERESASERIALNUMBER6,24
HERESASERIALNUMBER6,29
HERESASERIALNUMBER6,22
HERESASERIALNUMBER6,28
HERESASERIALNUMBER6,21
HERESASERIALNUMBER6,20
HERESASERIALNUMBER6,21
HERESASERIALNUMBER6,22
HERESASERIALNUMBER6,28
HERESASERIALNUMBER6,20
HERESASERIALNUMBER6,30
HERESASERIALNUMBER6,26
HERESASERIALNUMBER6,25
HERESASERIALNUMBER6,21
HERESASERIALNUMBER6,21
HERESASERIALNUMBER6,20
HERESASERIALNUMBER6,22
HERESASERIALNUMBER6,20
HERESASERIALNUMBER6,25
HERESASERIALNUMBER6,22
HERESASERIALNUMBER6,28
HERESASERIALNUMBER6,26
HERESASERIALNUMBER6,20
HERESASERIALNUMBER6,26
HERESASERIALNUMBER6,22
HERESASERIALNUMBER6,26
HERESASERIALNUMBER6,24
HERESASERIALNUMBER6,26
HERESASERIALNUMBER6,26
HERESASERIALNUMBER6,28
HERESASERIALNUMBER6,27
HERESASERIALNUMBER6,30
HERESASERIALNUMBER6,29
HERESASERIALNUMBER6,21
HERESASERIALNUMBER6,22
HERESASERIALNUMBER6,28
HERESASERIALNUMBER6,21
HERESASERIALNUMBER6,30
HERESASERIALNUMBER6,29
HERESASERIALNUMBER6,27
HERESASERIALNUMBER6,20
HERESASERIALNUMBER6,21
HERESASERIALNUMBER6,20
HERESASERIALNUMBER6,22
HERESASERIALNUMBER6,28
HERESASERIALNUMBER6,24
HERESASERIALNUMBER6,20
HERESASERIALNUMBER6,26
HERESASERIALNUMBER6,24
HERESASERIALNUMBER6,27
HERESASERIALNUMBER6,23
HERESASERIALNUMBER6,24
HERESASERIALNUMBER6,27
HERESASERIALNUMBER6,28
HERESASERIALNUMBER6,28
HERESASERIALNUMBER6,21
HERESASERIALNUMBER6,22
HERESASERIALNUMBER6,21
HERESASERIALNUMBER6,30
HERESASERIALNUMBER6,24
HERESASERIALNUMBER7,89
HERESASERIALNUMBER7,81
HERESASERIALNUMBER7,86
HERESASERIALNUMBER7,81
HERESASERIALNUMBER7,88
HERESASERIALNUMBER7,82
HERESASERIALNUMBER7,85
HERESASERIALNUMBER7,82
HERESASERIALNUMBER7,81
HERESASERIALNUMBER7,85
HERESASERIALNUMBER7,89
HERESASERIALNUMBER7,88
HERESASERIALNUMBER7,85
HERESASERIALNUMBER7,83
HERESASERIALNUMBER7,84
HERESASERIALNUMBER7,81
HERESASERIALNUMBER7,87
HERESASERIALNUMBER7,90
HERESASERIALNUMBER7,85
HERESASERIALNUMBER7,87
HERESASERIALNUMBER7,87
HERESASERIALNUMBER7,89
HERESASERIALNUMBER7,88
HERESASERIALNUMBER7,89
HERESASERIALNUMBER7,89
HERESASERIALNUMBER7,86
HERESASERIALNUMBER7,84
HERESASERIALNUMBER7,89
HERESASERIALNUMBER7,90
HERESASERIALNUMBER7,90
HERESASERIALNUMBER7,84
HERESASERIALNUMBER7,82
HERESASERIALNUMBER7,81
HERESASERIALNUMBER7,80
HERESASERIALNUMBER7,89
HERESASERIALNUMBER7,81
HERESASERIALNUMBER7,82
HERESASERIALNUMBER7,89
HERESASERIALNUMBER7,90
HERESASERIALNUMBER7,88
HERESASERIALNUMBER7,87
HERESASERIALNUMBER7,87
HERESASERIALNUMBER7,80
HERESASERIALNUMBER7,81
HERESASERIALNUMBER7,87
HERESASERIALNUMBER7,87
HERESASERIALNUMBER7,84
HERESASERIALNUMBER7,86
HERESASERIALNUMBER7,87
HERESASERIALNUMBER7,82
HERESASERIALNUMBER7,85
HERESASERIALNUMBER7,80
HERESASERIALNUMBER7,80
HERESASERIALNUMBER7,87
HERESASERIALNUMBER7,85
HERESASERIALNUMBER7,82
HERESASERIALNUMBER7,80
HERESASERIALNUMBER7,82
HERESASERIALNUMBER7,86
HERESASERIALNUMBER7,90
HERESASERIALNUMBER7,81
HERESASERIALNUMBER7,89
HERESASERIALNUMBER7,82
HERESASERIALNUMBER7,85
HERESASERIALNUMBER7,81
HERESASERIALNUMBER7,80
HERESASERIALNUMBER7,88
HERESASERIALNUMBER7,83
HERESASERIALNUMBER7,81
HERESASERIALNUMBER7,82
HERESASERIALNUMBER7,83
HERESASERIALNUMBER7,87
HERESASERIALNUMBER7,82
HERESASERIALNUMBER7,88
HERESASERIALNUMBER7,87
HERESASERIALNUMBER7,82
HERESASERIALNUMBER7,89
HERESASERIALNUMBER7,82
HERESASERIALNUMBER7,86
HERESASERIALNUMBER7,83
HERESASERIALNUMBER7,83
HERESASERIALNUMBER7,85
HERESASERIALNUMBER7,83
HERESASERIALNUMBER7,85
HERESASERIALNUMBER7,85
HERESASERIALNUMBER7,86
HERESASERIALNUMBER7,90
HERESASERIALNUMBER7,85
HERESASERIALNUMBER7,83
HERESASERIALNUMBER7,87
HERESASERIALNUMBER7,84
HERESASERIALNUMBER7,83
HERESASERIALNUMBER7,90
HERESASERIALNUMBER7,82
HERESASERIALNUMBER7,81
HERESASERIALNUMBER7,88
HERESASERIALNUMBER7,90
HERESASERIALNUMBER7,81
HERESASERIALNUMBER7,86
HERESASERIALNUMBER7,87
HERESASERIALNUMBER8,22
HERESASERIALNUMBER8,28
HERESASERIALNUMBER8,30
HERESASERIALNUMBER8,30
HERESASERIALNUMBER8,29
HERESASERIALNUMBER8,20
HERESASERIALNUMBER8,28
HERESASERIALNUMBER8,22
HERESASERIALNUMBER8,25
HERESASERIALNUMBER8,25
HERESASERIALNUMBER8,22
HERESASERIALNUMBER8,23
HERESASERIALNUMBER8,23
HERESASERIALNUMBER8,28
HERESASERIALNUMBER8,30
HERESASERIALNUMBER8,23
HERESASERIALNUMBER8,21
HERESASERIALNUMBER8,23
HERESASERIALNUMBER8,24
HERESASERIALNUMBER8,24
HERESASERIALNUMBER8,27
HERESASERIALNUMBER8,23
HERESASERIALNUMBER8,29
HERESASERIALNUMBER8,26
HERESASERIALNUMBER8,24
HERESASERIALNUMBER8,21
HERESASERIALNUMBER8,29
HERESASERIALNUMBER8,30
HERESASERIALNUMBER8,30
HERESASERIALNUMBER8,28
HERESASERIALNUMBER8,22
HERESASERIALNUMBER8,23
HERESASERIALNUMBER8,28
HERESASERIALNUMBER8,27
HERESASERIALNUMBER8,22
HERESASERIALNUMBER8,27
HERESASERIALNUMBER8,20
HERESASERIALNUMBER8,22
HERESASERIALNUMBER8,25
HERESASERIALNUMBER8,26
HERESASERIALNUMBER8,27
HERESASERIALNUMBER8,21
HERESASERIALNUMBER8,20
HERESASERIALNUMBER8,29
HERESASERIALNUMBER8,22
HERESASERIALNUMBER8,30
HERESASERIALNUMBER8,22
HERESASERIALNUMBER8,26
HERESASERIALNUMBER8,24
HERESASERIALNUMBER8,25
HERESASERIALNUMBER8,24
HERESASERIALNUMBER8,27
HERESASERIALNUMBER8,24
HERESASERIALNUMBER8,24
HERESASERIALNUMBER8,27
HERESASERIALNUMBER8,20
HERESASERIALNUMBER8,21
HERESASERIALNUMBER8,24
HERESASERIALNUMBER8,30
HERESASERIALNUMBER8,27
HERESASERIALNUMBER8,21
HERESASERIALNUMBER8,27
HERESASERIALNUMBER8,26
HERESASERIALNUMBER8,23
HERESASERIALNUMBER8,30
HERESASERIALNUMBER8,29
HERESASERIALNUMBER8,22
HERESASERIALNUMBER8,30
HERESASERIALNUMBER8,29
HERESASERIALNUMBER8,23
HERESASERIALNUMBER8,20
HERESASERIALNUMBER8,24
HERESASERIALNUMBER8,22
HERESASERIALNUMBER8,24
HERESASERIALNUMBER8,21
HERESASERIALNUMBER8,20
HERESASERIALNUMBER8,30
HERESASERIALNUMBER8,24
HERESASERIALNUMBER8,23
HERESASERIALNUMBER8,26
HERESASERIALNUMBER8,22
HERESASERIALNUMBER8,29
HERESASERIALNUMBER8,26
HERESASERIALNUMBER8,25
HERESASERIALNUMBER8,25
HERESASERIALNUMBER8,26
HERESASERIALNUMBER8,23
HERESASERIALNUMBER8,23
HERESASERIALNUMBER8,30
HERESASERIALNUMBER8,26
HERESASERIALNUMBER8,23
HERESASERIALNUMBER8,23
HERESASERIALNUMBER8,30
HERESASERIALNUMBER8,20
HERESASERIALNUMBER8,27
HERESASERIALNUMBER8,26
HERESASERIALNUMBER8,29
HERESASERIALNUMBER8,30
HERESASERIALNUMBER8,25
HERESASERIALNUMBER8,25
HERESASERIALNUMBER9,30
HERESASERIALNUMBER9,28
HERESASERIALNUMBER9,30
HERESASERIALNUMBER9,22
HERESASERIALNUMBER9,27
HERESASERIALNUMBER9,30
HERESASERIALNUMBER9,22
HERESASERIALNUMBER9,22
HERESASERIALNUMBER9,22
HERESASERIALNUMBER9,24
HERESASERIALNUMBER9,26
HERESASERIALNUMBER9,29
HERESASERIALNUMBER9,23
HERESASERIALNUMBER9,20
HERESASERIALNUMBER9,23
HERESASERIALNUMBER9,23
HERESASERIALNUMBER9,26
HERESASERIALNUMBER9,21
HERESASERIALNUMBER9,26
HERESASERIALNUMBER9,24
HERESASERIALNUMBER9,21
HERESASERIALNUMBER9,28
HERESASERIALNUMBER9,27
HERESASERIALNUMBER9,27
HERESASERIALNUMBER9,21
HERESASERIALNUMBER9,20
HERESASERIALNUMBER9,21
HERESASERIALNUMBER9,28
HERESASERIALNUMBER9,30
HERESASERIALNUMBER9,26
HERESASERIALNUMBER9,23
HERESASERIALNUMBER9,25
HERESASERIALNUMBER9,22
HERESASERIALNUMBER9,28
HERESASERIALNUMBER9,30
HERESASERIALNUMBER9,26
HERESASERIALNUMBER9,25
HERESASERIALNUMBER9,30
HERESASERIALNUMBER9,29
HERESASERIALNUMBER9,24
HERESASERIALNUMBER9,24
HERESASERIALNUMBER9,29
HERESASERIALNUMBER9,22
HERESASERIALNUMBER9,21
HERESASERIALNUMBER9,30
HERESASERIALNUMBER9,28
HERESASERIALNUMBER9,27
HERESASERIALNUMBER9,22
HERESASERIALNUMBER9,21
HERESASERIALNUMBER9,30
HERESASERIALNUMBER9,20
HERESASERIALNUMBER9,24
HERESASERIALNUMBER9,20
HERESASERIALNUMBER9,22
HERESASERIALNUMBER9,28
HERESASERIALNUMBER9,22
HERESASERIALNUMBER9,26
HERESASERIALNUMBER9,21
HERESASERIALNUMBER9,24
HERESASERIALNUMBER9,21
HERESASERIALNUMBER9,26
HERESASERIALNUMBER9,26
HERESASERIALNUMBER9,22
HERESASERIALNUMBER9,25
HERESASERIALNUMBER9,27
HERESASERIALNUMBER9,28
HERESASERIALNUMBER9,20
HERESASERIALNUMBER9,23
HERESASERIALNUMBER9,21
HERESASERIALNUMBER9,21
HERESASERIALNUMBER9,26
HERESASERIALNUMBER9,24
HERESASERIALNUMBER9,21
HERESASERIALNUMBER9,27
HERESASERIALNUMBER9,25
HERESASERIALNUMBER9,23
HERESASERIALNUMBER9,27
HERESASERIALNUMBER9,26
HERESASERIALNUMBER9,20
HERESASERIALNUMBER9,29
HERESASERIALNUMBER9,28
HERESASERIALNUMBER9,27
HERESASERIALNUMBER9,26
HERESASERIALNUMBER9,29
HERESASERIALNUMBER9,26
HERESASERIALNUMBER9,27
HERESASERIALNUMBER9,23
HERESASERIALNUMBER9,27
HERESASERIALNUMBER9,29
HERESASERIALNUMBER9,25
HERESASERIALNUMBER9,25
HERESASERIALNUMBER9,25
HERESASERIALNUMBER9,21
HERESASERIALNUMBER9,21
HERESASERIALNUMBER9,27
HERESASERIALNUMBER9,28
HERESASERIALNUMBER9,25
HERESASERIALNUMBER9,27
HERESASERIALNUMBER9,24
HERESASERIALNUMBER9,28
HERESASERIALNUMBER10,30
HERESASERIALNUMBER10,20
HERESASERIALNUMBER10,21
HERESASERIALNUMBER10,28
HERESASERIALNUMBER10,29
HERESASERIALNUMBER10,26
HERESASERIALNUMBER10,29
HERESASERIALNUMBER10,29
HERESASERIALNUMBER10,29
HERESASERIALNUMBER10,30
HERESASERIALNUMBER10,21
HERESASERIALNUMBER10,29
HERESASERIALNUMBER10,22
HERESASERIALNUMBER10,29
HERESASERIALNUMBER10,30
HERESASERIALNUMBER10,20
HERESASERIALNUMBER10,26
HERESASERIALNUMBER10,23
HERESASERIALNUMBER10,22
HERESASERIALNUMBER10,22
HERESASERIALNUMBER10,26
HERESASERIALNUMBER10,29
HERESASERIALNUMBER10,21
HERESASERIALNUMBER10,29
HERESASERIALNUMBER10,29
HERESASERIALNUMBER10,21
HERESASERIALNUMBER10,25
HERESASERIALNUMBER10,27
HERESASERIALNUMBER10,29
HERESASERIALNUMBER10,27
HERESASERIALNUMBER10,25
HERESASERIALNUMBER10,21
HERESASERIALNUMBER10,24
HERESASERIALNUMBER10,23
HERESASERIALNUMBER10,21
HERESASERIALNUMBER10,26
HERESASERIALNUMBER10,22
HERESASERIALNUMBER10,27
HERESASERIALNUMBER10,21
HERESASERIALNUMBER10,21
HERESASERIALNUMBER10,29
HERESASERIALNUMBER10,23
HERESASERIALNUMBER10,23
HERESASERIALNUMBER10,20
HERESASERIALNUMBER10,29
HERESASERIALNUMBER10,21
HERESASERIALNUMBER10,28
HERESASERIALNUMBER10,27
HERESASERIALNUMBER10,30
HERESASERIALNUMBER10,20
HERESASERIALNUMBER10,26
HERESASERIALNUMBER10,23
HERESASERIALNUMBER10,25
HERESASERIALNUMBER10,28
HERESASERIALNUMBER10,22
HERESASERIALNUMBER10,28
HERESASERIALNUMBER10,30
HERESASERIALNUMBER10,23
HERESASERIALNUMBER10,21
HERESASERIALNUMBER10,21
HERESASERIALNUMBER10,23
HERESASERIALNUMBER10,22
HERESASERIALNUMBER10,25
HERESASERIALNUMBER10,24
HERESASERIALNUMBER10,30
HERESASERIALNUMBER10,30
HERESASERIALNUMBER10,20
HERESASERIALNUMBER10,30
HERESASERIALNUMBER10,30
HERESASERIALNUMBER10,24
HERESASERIALNUMBER10,25
HERESASERIALNUMBER10,28
HERESASERIALNUMBER10,24
HERESASERIALNUMBER10,29
HERESASERIALNUMBER10,29
HERESASERIALNUMBER10,30
HERESASERIALNUMBER10,23
HERESASERIALNUMBER10,27
HERESASERIALNUMBER10,22
HERESASERIALNUMBER10,28
HERESASERIALNUMBER10,27
HERESASERIALNUMBER10,21
HERESASERIALNUMBER10,28
HERESASERIALNUMBER10,28
HERESASERIALNUMBER10,27
HERESASERIALNUMBER10,22
HERESASERIALNUMBER10,23
HERESASERIALNUMBER10,23
HERESASERIALNUMBER10,30
HERESASERIALNUMBER10,22
HERESASERIALNUMBER10,24
HERESASERIALNUMBER10,26
HERESASERIALNUMBER10,29
HERESASERIALNUMBER10,30
HERESASERIALNUMBER10,23
HERESASERIALNUMBER10,29
HERESASERIALNUMBER10,26
HERESASERIALNUMBER10,29
HERESASERIALNUMBER10,29
HERESASERIALNUMBER10,26
